URL,Último rastreo
https://www.nivelics.com/,2026-04-13
https://www.nivelics.com/blog/soporte-de-drupal-que-pasa-cuando-el-soporte-a-mi-version-termina,2026-04-13
https://www.nivelics.com/en/blog/automation-operational-efficiency,2026-04-13
https://www.nivelics.com/blog/periodismo-movil-conoce-las-ventajas-que-aplica-en-tus-plataformas,2026-04-13
https://www.nivelics.com/blog/como-hacer-una-estrategia-seo-para-tu-sitio-web,2026-04-13
https://www.nivelics.com/blog/como-funciona-la-actualizacion-web,2026-04-13
https://www.nivelics.com/blog/politica-privacidad,2026-04-13
https://www.nivelics.com/blog/migracion-continua-navegando-los-desafios-y-beneficios-de-la-transicion-empresarial,2026-04-13
https://www.nivelics.com/blog/la-inteligencia-artificial-de-la-mano-con-la-ciberseguridad-mayor-seguridad-en-tus-sitios-web,2026-04-13
https://www.nivelics.com/en/blog/enhance-your-ecommerce-by-applying-ux-design,2026-04-13
https://www.nivelics.com/blog/mejora-tu-ecommerce-aplicando-ux-design,2026-04-13
https://www.nivelics.com/blog/automatizacion-devops-herramientas,2026-04-13
https://www.nivelics.com/blog/la-nube-como-ahorrar-dinero-y-tiempo-en-tu-negocio,2026-04-13
https://www.nivelics.com/en/blog/cms-differences-word-press-drupal-and-strapi-for-media,2026-04-13
https://www.nivelics.com/blog/desarrollo-web-desacoplado-beneficios-sobre-el-diseno-web-tradicional-o-monolitico,2026-04-13
https://www.nivelics.com/en/blog/it-retraining-tech-adaptation,2026-04-13
https://www.nivelics.com/en/blog/the-difference-between-web-mockups-and-wireframes,2026-04-13
https://www.nivelics.com/en/blog/benefits-of-cloud-services-for-businesses,2026-04-13
https://www.nivelics.com/en/blog/virtual-and-augmented-reality-what-it-is-and-how-to-apply-it-to-my-business,2026-04-13
https://www.nivelics.com/en,2026-04-12
https://www.nivelics.com/en/blog/chatbots-vs-ai-agents-customer-service,2026-04-12
https://www.nivelics.com/en/blog/how-is-fintech-changing-the-financial-industry,2026-04-12
https://www.nivelics.com/en/blog/discover-the-benefits-of-generative-ai-for-executive-boards,2026-04-12
https://www.nivelics.com/en/blog/staff-augmentation-hand-in-hand-with-global-collaboration,2026-04-12
https://www.nivelics.com/en/blog/digital-strategies-sustainable-competitive-business-2024,2026-04-12
https://www.nivelics.com/en/blog/maximizing-efficiency-with-staff-augmentation-a-complete-guide,2026-04-12
https://www.nivelics.com/en/blog/what-is-heuristic-evaluation-and-when-to-use-it,2026-04-12
https://www.nivelics.com/en/blog/mobile-application-development-innovation-and-current-trends,2026-04-12
https://www.nivelics.com/blog/beneficios-5g-y-conectividad-la-revolucion-de-la-comunicacion,2026-04-12
https://www.nivelics.com/contacto,2026-04-12
https://www.nivelics.com/blog/staff-augmentation-vs-outsourcing-diferencias-y-beneficios,2026-04-12
https://www.nivelics.com/blog/reentrenamiento-it-nuevas-tecnologias,2026-04-12
https://www.nivelics.com/blog/wcag-que-es-y-como-sumar-mas-usuarios-en-tu-web,2026-04-12
https://www.nivelics.com/en/blog/why-invest-in-an-online-store-or-ecommerce,2026-04-12
https://www.nivelics.com/blog/que-es-una-evaluacion-heuristica-y-cuando-usarla,2026-04-12
https://www.nivelics.com/blog/ejemplos-de-blogs-personales-y-temas-que-puedes-usar,2026-04-12
https://www.nivelics.com/blog/estrategias-digitales-empresa-sostenible-competitiva-2024,2026-04-12
https://www.nivelics.com/blog/optimizacion-costos-aws-estrategias-facturacion-eficiente,2026-04-12
https://www.nivelics.com/en/blog/how-to-know-if-your-web-development-is-successful,2026-04-12
https://www.nivelics.com/blog/que-es-la-experiencia-inmersiva-y-cuales-son-sus-ventajas,2026-04-12
https://www.nivelics.com/casos-de-exito/televisa,2026-04-12
https://www.nivelics.com/en/blog/personalizing-the-user-experience-a-key-to-your-websites-success,2026-04-12
https://www.nivelics.com/en/blog/keys-to-a-successful-it-migration-strategies-and-best-practices,2026-04-12
https://www.nivelics.com/servicios,2026-04-12
https://www.nivelics.com/en/services/tailored-web-development,2026-04-12
https://www.nivelics.com/blog/tendencias-ux-ui-2025,2026-04-12
https://www.nivelics.com/en/blog/benefits-of-deep-learning-uncovering-a-new-horizon-of-artificial-intelligence-2,2026-04-12
https://www.nivelics.com/blog/nivelics-en-techla-media-preparandose-para-el-mercado-internacional,2026-04-12
https://www.nivelics.com/en/blog/decoupled-web-development-benefits-over-traditional-or-monolithic-web-design,2026-04-12
https://www.nivelics.com/en/blog/secure-development-building-robust-apps,2026-04-12
https://www.nivelics.com/blog/innovaciones-desarrollo-software-Nivelics,2026-04-12
https://www.nivelics.com/en/blog/what-is-agile-and-how-are-devops-implemented-in-reengineering,2026-04-12
https://www.nivelics.com/blog/monitoreo-administracion-aws-infraestructura-rendimiento-seguridad,2026-04-12
https://www.nivelics.com/en/blog/gcp-vs-aws,2026-04-12
https://www.nivelics.com/en/blog/artificial-intelligence-in-tandem-with-cybersecurity-enhanced-security-for-your-websites,2026-04-12
https://www.nivelics.com/blog/chatbot-con-ia-tips-para-utilizar-el-chat-y-sus-beneficios,2026-04-12
https://www.nivelics.com/servicios/seguridad-informatica,2026-04-12
https://www.nivelics.com/blog/inteligencia-artificial-para-potenciar-su-estrategia-de-marketing-digital,2026-04-11
https://www.nivelics.com/en/services/i-os-app-development,2026-04-11
https://www.nivelics.com/blog/tecnologia-y-medio-ambiente,2026-04-11
https://www.nivelics.com/blog/nivelics-en-pronetwork-agencia-dedicada-al-desarrollo-digital,2026-04-11
https://www.nivelics.com/servicios/soluciones-serverless,2026-04-11
https://www.nivelics.com/en/blog/main-changes-of-ga4-with-google-universal-analytics,2026-04-11
https://www.nivelics.com/blog/vulnerabilidades-criticas-2024,2026-04-11
https://www.nivelics.com/blog/que-es-la-automatizacion-de-pruebas-de-software,2026-04-11
https://www.nivelics.com/en/blog/security-testing-on-websites-discover-the-benefits-identify-vulnerabilities-and-protect-your-company-and-customers-information,2026-04-11
https://www.nivelics.com/blog/estrategias-de-marketing-digital-y-redes-sociales-en-campanas-politicas,2026-04-11
https://www.nivelics.com/blog/que-son-servicios-cloud,2026-04-11
https://www.nivelics.com/blog/la-importancia-del-diseño-web-en-la-experiencia-de-usuario,2026-04-11
https://www.nivelics.com/en/blog/benefits-of-multiplatform-development-optimizing-success-in-your-apps,2026-04-11
https://www.nivelics.com/en/timeline,2026-04-11
https://www.nivelics.com/blog/cuales-son-los-ciberataques-mas-frecuentes-en-los-sitios-web,2026-04-11
https://www.nivelics.com/blog/que-es-la-busqueda-semantica-y-para-que-sirve,2026-04-11
https://www.nivelics.com/en/blog/valuable-employees-how-to-identify-and-strengthen-them,2026-04-11
https://www.nivelics.com/blog/la-nube-la-clave-para-el-exito-empresarial-en-el-siglo-XXI,2026-04-11
https://www.nivelics.com/blog/ciberseguridad-para-ecommerce,2026-04-11
https://www.nivelics.com/blog/transformacion-digital-sostenible,2026-04-11
https://www.nivelics.com/blog/beneficios-del-desarrollo-en-multiplataforma-optimiza-el-exito-en-tus-apps,2026-04-10
https://www.nivelics.com/blog/staffing-it-latinoamericano-talento-y-especializacion-a-un-mejor-costo,2026-04-10
https://www.nivelics.com/en/blog/artificial-intelligence-benefits-in-media,2026-04-10
https://www.nivelics.com/en/blog/ux-ui-trends-2025,2026-04-10
https://www.nivelics.com/blog/gestion-eficiente-google-cloud-platform-console,2026-04-10
https://www.nivelics.com/blog/almacenamiento-nube-aplicaciones-web,2026-04-10
https://www.nivelics.com/servicios/staff-argumentation,2026-04-10
https://www.nivelics.com/en/blog/artificial-intelligence-to-boost-your-digital-marketing-strategy,2026-04-10
https://www.nivelics.com/blog/google-bard-conoce-las-principales-diferencias-con-chat-gpt,2026-04-10
https://www.nivelics.com/blog/posicionamiento-seo-para-universidades-llega-al-top-de-los-motores-de-busqueda,2026-04-10
https://www.nivelics.com/en/blog/technology-and-environment,2026-04-10
https://www.nivelics.com/blog/revoluciona-estrategia-comercial-ia,2026-04-10
https://www.nivelics.com/blog/que-es-staff-augmentation-y-como-puede-ayudarte-en-tu-compania,2026-04-10
https://www.nivelics.com/en/blog/fintech-vs-traditional-banks-which-is-the-best-option,2026-04-10
https://www.nivelics.com/en/blog/ai-chatbot-tips-for-using-chat-and-its-benefits,2026-04-10
https://www.nivelics.com/blog/ciberseguridad-como-hacer-una-auditoria-en-tu-sitio-nivelics,2026-04-09
https://www.nivelics.com/blog/ux-design-para-medios-de-comunicacion-conoce-sus-beneficios,2026-04-09
https://www.nivelics.com/blog/generacion-contenido-IA,2026-04-09
https://www.nivelics.com/blog/monitoreo-proactivo-aws-sistemas-optimizados-seguros,2026-04-09
https://www.nivelics.com/blog/como-influye-la-ia-en-la-ciberseguridad,2026-04-09
https://www.nivelics.com/blog/por-que-invertir-en-una-tienda-virtual-o-ecommerce,2026-04-09
https://www.nivelics.com/blog/que-es-agil-y-como-se-implementa-los-devops-en-la-reingenieria,2026-04-09
https://www.nivelics.com/en/blog/the-importance-of-data-science-for-your-website,2026-04-09
https://www.nivelics.com/blog/ia-automatizacion-procesos-de-negocio,2026-04-09
https://www.nivelics.com/en/blog/drupal-10-vs-drupal-9-comparison,2026-04-09
https://www.nivelics.com/blog/como-las-fintech-esta-cambiando-la-industria-financiera,2026-04-09
https://www.nivelics.com/blog/react-o-angular-diferencias-y-beneficios-segun-tus-necesidades,2026-04-09
https://www.nivelics.com/blog/la-importancia-de-hacer-seo-en-tu-sitio-web,2026-04-09
https://www.nivelics.com/blog/estrategias-de-ciberseguridad-en-aws-protegiendo-tus-activos-digitales,2026-04-09
https://www.nivelics.com/en/blog/strategic-talent-acquisition-keys-to-business-success,2026-04-09
https://www.nivelics.com/blog/desarrollo-de-aplicaciones-moviles-innovacion-y-tendencias-actuales,2026-04-09
https://www.nivelics.com/en/services/staff-augmentation,2026-04-09
https://www.nivelics.com/blog/aws-que-es-y-como-aplicarla-a-tu-agencia-digital,2026-04-09
https://www.nivelics.com/servicios/pruebas-de-revision-de-codigo-estatico,2026-04-09
https://www.nivelics.com/blog/testing-automatizado-vs-manual,2026-04-09
https://www.nivelics.com/blog/staff-augmentation-de-la-mano-de-la-colaboracion-global,2026-04-09
https://www.nivelics.com/en/blog/revolutionize-sales-strategy-ai,2026-04-09
https://www.nivelics.com/blog/desarrollo-agil-desafios-y-beneficios-de-aplicarlos-a-tu-web,2026-04-09
https://www.nivelics.com/en/blog/5g-benefits-and-connectivity-the-revolution-of-communication,2026-04-09
https://www.nivelics.com/en/blog/staff-augmentation-vs-traditional-hiring-difference-and-impact,2026-04-08
https://www.nivelics.com/en/blog/benefits-of-machine-learning,2026-04-08
https://www.nivelics.com/servicios/desarrollo-de-soluciones-digitales,2026-04-08
https://www.nivelics.com/en/blog/discover-the-benefits-of-end-to-end-automation,2026-04-08
https://www.nivelics.com/blog/gcp-vs-aws,2026-04-08
https://www.nivelics.com/blog/la-importancia-del-data-science-en-tu-sitio-web,2026-04-08
https://www.nivelics.com/en/blog/digital-marketing-strategies-and-social-media-in-political-campaigns,2026-04-08
https://www.nivelics.com/en/blog/seo-content-digital-marketing-nivelics,2026-04-08
https://www.nivelics.com/blog/contenido-generado-por-usuarios-potencia-el-seo-de-tu-sitio-web,2026-04-08
https://www.nivelics.com/es/soluciones/paginas-web/,2026-04-08
https://www.nivelics.com/en/blog/aws-what-it-is-and-how-to-apply-it-to-your-digital-agency,2026-04-08
https://www.nivelics.com/blog/automatizacion-eficiencia-operativa,2026-04-07
https://www.nivelics.com/blog/optimizacion-aws-experiencia-cliente,2026-04-07
https://www.nivelics.com/en/blog/the-cloud-the-key-to-business-buccess-in-the-21st-century,2026-04-07
https://www.nivelics.com/en/blog/mobile-journalism-understand-the-advantages-for-your-platforms,2026-04-07
https://www.nivelics.com/en/blog/agile-development-challenges-and-benefits-of-applying-them-to-your-website,2026-04-07
https://www.nivelics.com/blog/beneficios-del-machine-learning,2026-04-07
https://www.nivelics.com/blog/automatizacion-de-infraestructura-optimizando-tu-entorno-tecnologico,2026-04-07
https://www.nivelics.com/servicios/pruebas-de-experiencia-de-usuario,2026-04-07
https://www.nivelics.com/blog/ia-orientado-a-la-automatizacion-de-procesos-transformando-la-eficiencia-empresarial,2026-04-07
https://www.nivelics.com/blog/personalizacion-de-la-experiencia-del-usuario-una-clave-para-el-exito-de-tu-web,2026-04-07
https://www.nivelics.com/en/blog/generative-ai-in-colombia-nivelics,2026-04-07
https://www.nivelics.com/en/blog/what-is-software-test-automation,2026-04-07
https://www.nivelics.com/en/blog/user-generated-content-boosts-your-websites-seo,2026-04-07
https://www.nivelics.com/blog/optimizacion-en-la-nube-estrategia-esencial-futuro-empresarial,2026-04-07
https://www.nivelics.com/en/blog/ai-content-generation,2026-04-07
https://www.nivelics.com/en/services/it-staffing,2026-04-07
https://www.nivelics.com/blog/innovacion-en-desarrollo-web-creando-sitios-de-alto-impacto,2026-04-07
https://www.nivelics.com/en/blog/what-is-immersive-experience-and-what-are-its-advantages,2026-04-07
https://www.nivelics.com/blog/diferencia-entre-mockups-web-y-wireframes,2026-04-07
https://www.nivelics.com/en/blog/innovation-in-web-development-creating-high-impact-sites,2026-04-07
https://www.nivelics.com/en/blog/personal-blog-examples-and-themes-you-can-use,2026-04-07
https://www.nivelics.com/blog/seo-para-medios-de-comunicacion,2026-04-07
https://www.nivelics.com/blog/desarrollo-seguro-construyendo-aplicaciones-robustas,2026-04-07
https://www.nivelics.com/en/blog/efficient-management-google-cloud-platform-console,2026-04-07
https://www.nivelics.com/servicios/orquestacion-de-contenedores-en-kubernetes-k8-s,2026-04-07
https://www.nivelics.com/en/blog/cloud-storage-web-applications,2026-04-07
https://www.nivelics.com/blog/busqueda-visual-gana-trafico-a-tu-sitio-web-posicionando-tus-imagenes,2026-04-07
https://www.nivelics.com/servicios/ia-aplicada-a-negocios,2026-04-07
https://www.nivelics.com/blog/por-que-las-soluciones-tecnologicas-son-importantes-en-la-transformacion-y-evolucion-de-las-empresas-en-colombia,2026-04-07
https://www.nivelics.com/blog/beneficios-de-los-servicios-en-la-nube-para-las-empresas,2026-04-07
https://www.nivelics.com/blog/soluciones-tecnologicas-a-la-medida,2026-04-07
https://www.nivelics.com/en/services/user-testing,2026-04-06
https://www.nivelics.com/en/blog/what-are-the-most-frequent-cyber-attacks-on-websites,2026-04-06
https://www.nivelics.com/en/blog/ai-automation-business-processes,2026-04-06
https://www.nivelics.com/blog/fintech-vs-bancos-tradicionales-cual-es-la-mejor-opcion,2026-04-06
https://www.nivelics.com/blog/inteligencia-artificial-beneficios-en-medios-de-comunicacion,2026-04-05
https://www.nivelics.com/en/blog/the-best-web-hosting-in-colombia,2026-04-05
https://www.nivelics.com/blog/realidad-virtual-y-aumentada-que-es-y-aplicarlo-a-mi-empresa,2026-04-05
https://www.nivelics.com/blog/pruebas-unitarias-con-inteligencia-artificial,2026-04-05
https://www.nivelics.com/en/blog/how-aI-is-revolutionizing-decision-making,2026-04-05
https://www.nivelics.com/blog/soluciones-escalables-en-la-nube-creciendo-con-tu-empresa,2026-04-04
https://www.nivelics.com/en/blog/what-is-devops,2026-04-04
https://www.nivelics.com/en/blog/what-is-staff-augmentation-and-how-can-it-help-your-company,2026-04-04
https://www.nivelics.com/en/blog/google-bard-understand-the-main-differences-with-chat-gpt,2026-04-04
https://www.nivelics.com/en/blog/unit-testing-with-artificial-intelligence,2026-04-04
https://www.nivelics.com/en/blog/what-are-cloud-services,2026-04-04
https://www.nivelics.com/en/blog/top-tech-trends-businesses-2024,2026-04-04
https://www.nivelics.com/blog/ia-generativa-en-colombia-nivelics,2026-04-04
https://www.nivelics.com/blog/maximizando-la-eficiencia-con-staff-augmentation-una-guia-completa,2026-04-04
https://www.nivelics.com/en/blog/why-technology-solutions-are-important-in-the-transformation-and-evolution-of-companies-in-colombia,2026-04-04
https://www.nivelics.com/en/blog/ia-driven-process-automation-transforming-business-efficiency,2026-04-04
https://www.nivelics.com/en/blog/critical-vulnerabilities-2024,2026-04-04
https://www.nivelics.com/servicios/implementacion-agil-ci-cd,2026-04-04
https://www.nivelics.com/blog/staff-augmentation-vs-outsourcing-en-colombia,2026-04-04
https://www.nivelics.com/en/services/functional-testing,2026-04-04
https://www.nivelics.com/linea-del-tiempo,2026-04-04
https://www.nivelics.com/blog/beneficios-del-aprendizaje-profundo-descubriendo-un-nuevo-horizonte-de-la-inteligencia-artificial,2026-04-04
https://www.nivelics.com/servicios/desarrollo-de-aplicaciones-hibridas,2026-04-04
https://www.nivelics.com/blog/impacto-inteligencia-artificial-empresas,2026-04-04
https://www.nivelics.com/blog/descubre-los-beneficios-de-la-ia-generativa-para-consejos-directivos,2026-04-04
https://www.nivelics.com/servicios/desarrollo-de-i-os-app,2026-04-04
https://www.nivelics.com/en/blog/continuous-migration-navigating-the-challenges-and-benefits-of-business-transition,2026-04-04
https://www.nivelics.com/servicios/gestion-de-contenido-con-ia-optimiza-tiempo-y-alcanza-mas-audiencia,2026-04-04
https://www.nivelics.com/casos-de-exito/grupo-bolivar,2026-04-04
https://www.nivelics.com/blog/super-apps-revolucion-aplicaciones,2026-04-04
https://www.nivelics.com/como-trabajamos,2026-04-04
https://www.nivelics.com/en/blog/ux-design-for-media-know-its-benefits,2026-04-04
https://www.nivelics.com/blog/pruebas-de-seguridad-en-los-sitios-web-descubre-los-beneficios,2026-04-04
https://www.nivelics.com/en/services/digital-solutions-development,2026-04-04
https://www.nivelics.com/servicios/creacion-de-mockups-y-prototipado,2026-04-04
https://www.nivelics.com/blog/empleados-de-valor-como-identificarlos-y-fortalecer,2026-04-04
https://www.nivelics.com/blog/como-la-ia-esta-revolucionando-la-toma-de-decisiones,2026-04-04
https://www.nivelics.com/en/blog/revolutionize-your-mobile-applications-with-the-power-of-progressive-web-apps,2026-04-04
https://www.nivelics.com/blog/que-es-devops,2026-04-04
https://www.nivelics.com/blog/principales-cambios-de-ga4-con-google-universal-analytics,2026-04-04
https://www.nivelics.com/blog/claves-para-una-exitosa-migracion-it-estrategias-y-mejores-practicas,2026-04-04
https://www.nivelics.com/en/blog/devops-automation-tools,2026-04-04
https://www.nivelics.com/quienes-somos,2026-04-04
https://www.nivelics.com/blog/marketing-politico-una-ficha-clave-en-el-exito-de-su-campana,2026-04-04
https://www.nivelics.com/en/blog/latin-american-it-staffing-talent-and-specialization-at-a-better-cost,2026-04-04
https://www.nivelics.com/blog/ciberseguridad-era-digital-proteger-empresa,2026-04-04
https://www.nivelics.com/blog/busqueda-por-voz-que-es-y-como-lograr-aparecer-en-estos-resultados,2026-04-04
https://www.nivelics.com/en/blog/women-in-technology-transforming-history-and-the-world,2026-04-03
https://www.nivelics.com/servicios/mejora-cadena-valor-inteligencia-artificial,2026-04-03
https://www.nivelics.com/servicios/arquitectura-e-implementacion-de-infraestructura,2026-04-03
https://www.nivelics.com/blog/mujeres-en-la-tecnologia-que-transforman-la-historia-y-el-mundo,2026-04-03
https://www.nivelics.com/blog/agilizando-proyectos-it-con-celulas-de-trabajo-eficientes,2026-04-03
https://www.nivelics.com/en/blog/implementation-of-scrum-an-efficient-mindset-change-1,2026-04-03
https://www.nivelics.com/servicios/implementacion-de-tiendas-sobre-shopify,2026-04-03
https://www.nivelics.com/blog/transformando-educacion-aprendizaje-google-workspace,2026-04-03
https://www.nivelics.com/en/how-do-we-work,2026-04-02
https://www.nivelics.com/blog/descubre-los-beneficios-de-la-automatizacion-end-to-end,2026-04-02
https://www.nivelics.com/blog/implementacion-de-scrum-un-cambio-de-mentalidad-eficiente,2026-04-02
https://www.nivelics.com/servicios/desarrollo-web,2026-04-02
https://www.nivelics.com/servicios/desarrollo-de-soluciones-tecnologicas,2026-04-02
https://www.nivelics.com/en/services/infrastructure-management,2026-04-02
https://www.nivelics.com/es/soluciones/seo/,2026-04-02
https://www.nivelics.com/casos-de-exito/two-maids,2026-04-02
https://www.nivelics.com/servicios/administracion-de-infraestructura,2026-04-02
https://www.nivelics.com/blog/drupal-10-vs-drupal-9-comparacion,2026-04-02
https://www.nivelics.com/blog/diferencias-de-los-cms-wordpress-drupal-y-strapi-para-medios-de-comunicacion,2026-04-02
https://www.nivelics.com/blog/staff-augmentation-vs-contratacion-tradicional-diferencia-y-efecto,2026-04-02
https://www.nivelics.com/blog/tendencias-tecnologicas-empresas-2024,2026-04-02
https://www.nivelics.com/en/about-us,2026-04-02
https://www.nivelics.com/en/blog/impact-artificial-intelligence-businesses,2026-04-02
https://www.nivelics.com/en/blog/tailored-technological-solutions,2026-04-02
https://www.nivelics.com/en/blog/react-or-angular-differences-and-benefits-according-to-your-needs,2026-04-02
https://www.nivelics.com/en/services/heuristic-testing,2026-04-02
https://www.nivelics.com/en/services/kubernetes-container-orchestration,2026-04-02
https://www.nivelics.com/en/services/mockup-creation-and-prototyping,2026-04-02
https://www.nivelics.com/en/blog/cybersecurity-digital-age-protect-business,2026-04-02
https://www.nivelics.com/en/blog/the-importance-of-seo-on-your-website,2026-04-02
https://www.nivelics.com/blog/estrategias-seo-nivelics,2026-04-02
https://www.nivelics.com/en/services/progressive-web-app-development,2026-04-02
https://www.nivelics.com/servicios/pruebas-no-funcionales,2026-04-02
https://www.nivelics.com/servicios/desarrollo-de-portales-de-informacion,2026-04-02
https://www.nivelics.com/en/services/cloud-services-nivelics,2026-04-02
https://www.nivelics.com/blog/great-place-to-work,2026-04-02
https://www.nivelics.com/en/blog/voice-search-what-is-it-and-how-to-appear-in-these-results,2026-04-02
https://www.nivelics.com/en/blog/nivelics-at-la-7-em-expansion-in-latin-america-with-startup-mexico,2026-04-02
https://www.nivelics.com/servicios/pruebas-funcionales,2026-04-01
https://www.nivelics.com/en/blog/streamlining-it-projects-with-efficient-work-cells,2026-04-01
https://www.nivelics.com/servicios/servicios-cloud-nivelics,2026-04-01
https://www.nivelics.com/casos-de-exito/cronica,2026-04-01
https://www.nivelics.com/blog/mejores-practicas-ciberseguridad-empresas,2026-04-01
https://www.nivelics.com/en/blog/proactive-monitoring-aws-optimized-secure,2026-04-01
https://www.nivelics.com/blog/que-es-una-landing-page-y-cuando-usarla,2026-04-01
https://www.nivelics.com/en/blog/cybersecurity-for-e-commerce,2026-04-01
https://www.nivelics.com/blog/garantizar-exito-proyecto-software-garantia-calidad,2026-04-01
https://www.nivelics.com/en/services/seo-audits,2026-04-01
https://www.nivelics.com/aws-services,2026-04-01
https://www.nivelics.com/en/blog/aws-cost-optimization-efficient-billing,2026-04-01
https://www.nivelics.com/blog/revoluciona-tus-aplicaciones-moviles-con-el-poder-de-las-progressive-web-apps,2026-04-01
https://www.nivelics.com/blog/desarrollo-apps-conectar-digital,2026-04-01
https://www.nivelics.com/casos-de-exito,2026-04-01
https://www.nivelics.com/es/soluciones/staff-augmentation/,2026-04-01
https://www.nivelics.com/blog/que-es-rpa-y-sus-beneficios,2026-03-31
https://www.nivelics.com/en/blog/transforming-education-learning-google-workspace,2026-03-31
https://www.nivelics.com/servicios/descubrimiento-e-investigacion,2026-03-31
https://www.nivelics.com/en/blog/generative-ai-content-creation-businesses,2026-03-31
https://www.nivelics.com/en/blog/visual-search-gain-traffic-to-your-website-by-positioning-your-images,2026-03-31
https://www.nivelics.com/en/blog/the-importance-of-web-design-in-user-experience,2026-03-31
https://www.nivelics.com/en/services/android-app-development,2026-03-30
https://www.nivelics.com/blog/nivelics-soluciones-digitales-a-la-medida,2026-03-30
https://www.nivelics.com/blog/blog-personal-como-aplicar-ux-y-sus-beneficios,2026-03-30
https://www.nivelics.com/en/blog/ what-is-rpa-and-Its-benefits,2026-03-30
https://www.nivelics.com/blog/talent-acquisition-estrategico-claves-para-el-exito-empresarial,2026-03-30
https://www.nivelics.com/en/blogs,2026-03-30
https://www.nivelics.com/en/blog/nivelics-on-techla-media-preparing-for-the-international-market,2026-03-28
https://www.nivelics.com/blog/como-saber-si-tu-desarrollo-web-es-exitoso,2026-03-28
https://www.nivelics.com/en/blog/cybersecurity-audits-protect-your-website-from-cyberthreats,2026-03-28
https://www.nivelics.com/servicios/staff-augmentation,2026-03-28
https://www.nivelics.com/servicios/servicios-cloud,2026-03-28
https://www.nivelics.com/servicios/remediacion-de-sitios-vulnerados,2026-03-28
https://www.nivelics.com/en/blog/tips-to-improve-ux-on-mobile-devices,2026-03-27
https://www.nivelics.com/en/blog/staff-augmentation-vs-outsourcing-differences-and-benefits,2026-03-26
https://www.nivelics.com/blog/contenido-seo-marketing-digital-nivelics,2026-03-26
https://www.nivelics.com/en/services/static-code-review-testing,2026-03-25
https://www.nivelics.com/blog/guia-completa-migrar-nube,2026-03-24
https://www.nivelics.com/en/blog/ensure-success-software-project-quality-assurance,2026-03-23
https://www.nivelics.com/en/blog/drupal-support-what-happens-when-support-for-my-version-ends,2026-03-23
https://www.nivelics.com/blog/nivelics-en-la-7-em-expansion-en-america-latina-con-startup-mexico,2026-03-23
https://www.nivelics.com/en/blog/how-does-artificial-intelligence-influence-cybersecurity,2026-03-22
https://www.nivelics.com/en/success-stories/nivelics-and-grupo-bolivar,2026-03-22
https://www.nivelics.com/en/services/ux-design,2026-03-22
https://ai.nivelics.com/register,2026-03-22
https://www.nivelics.com/blog/tips-para-mejorar-ux-en-dispositivos-moviles,2026-03-21
https://www.nivelics.com/servicios/implementacion-online-con-woocommerce,2026-03-21
https://www.nivelics.com/en/services/nonfunctional-tests,2026-03-21
https://www.nivelics.com/servicios/e-commerce,2026-03-21
https://www.nivelics.com/blog/ia-generativa-creacion-contenido-empresas,2026-03-21
https://www.nivelics.com/en/blog/privacy-policy,2026-03-21
https://www.nivelics.com/servicios/pruebas-heuristicas,2026-03-21
https://www.nivelics.com/en/blog/complete-guide-cloud-migration,2026-03-21
https://www.nivelics.com/en/services/quality-assurance,2026-03-20
https://www.nivelics.com/en/services/ai-applied-to-business,2026-03-19
https://www.nivelics.com/en/services/cloud-services,2026-03-19
https://www.nivelics.com/servicios/devops,2026-03-19
https://www.nivelics.com/en/services/media-solutions,2026-03-19
https://www.nivelics.com/en/services/healthcare-software,2026-03-19
https://www.nivelics.com/en/blog/the-cloud-how-to-save-money-and-time-in-your-business,2026-03-19
https://www.nivelics.com/en/contact-us-at,2026-03-19
https://www.nivelics.com/en/services/shopify-website,2026-03-19
https://www.nivelics.com/blog/actualizar-wordpress-core-plugins-seguridad,2026-03-19
https://www.nivelics.com/en/blog/political-marketing-a-key-piece-in-the-success-of-your-campaign,2026-03-19
https://www.nivelics.com/servicios/pruebas-a-b,2026-03-19
https://www.nivelics.com/en/blog/sustainable-digital-transformation,2026-03-18
https://www.nivelics.com/servicios/desarrollo-web-a-la-medida,2026-03-17
https://www.nivelics.com/en/blog/great-place-to-work,2026-03-15
https://www.nivelics.com/en/blog/how-to-create-an-seo-strategy-for-your-website,2026-03-15
https://www.nivelics.com/servicios/auditorias-seo,2026-03-15
https://www.nivelics.com/en/services/development-of-information-portals,2026-03-15
https://www.nivelics.com/blog/chatbots-vs-agentes-ia-atencion-cliente,2026-03-13
https://www.nivelics.com/servicios/inspeccion-de-codigo-y-pruebas-unitarias,2026-03-13
https://www.nivelics.com/en/services/infrastructure-architecture-and-implementation,2026-03-12
https://www.nivelics.com/blog/la-importancia-del-diseno-web-en-la-experiencia-de-usuario,2026-03-12
https://www.nivelics.com/en/blog/reasons-choose-staff-augmentation-nivelics,2026-03-09
https://www.nivelics.com/servicios/diseno-ux-ui,2026-03-09
https://ai.nivelics.com/,2026-03-08
https://www.nivelics.com/servicios/software-para-salud,2026-03-08
https://www.nivelics.com/blog/la-importancia-de-optimizar-nuestros-sitios-web,2026-03-08
https://www.nivelics.com/en/success-stories/nivelics-and-televisa,2026-03-08
https://www.nivelics.com/en/services/devops,2026-03-08
https://www.nivelics.com/servicios/implementacion-de-plataformas-en-la-nube,2026-03-07
https://www.nivelics.com/en/blog/innovations-software-development-Nivelics,2026-03-05
https://www.nivelics.com/servicios/revoluciona-ventas-agentes-comerciales-inteligentes,2026-03-04
https://www.nivelics.com/en/blog/automated-vs-manual-testing,2026-03-02
https://www.nivelics.com/blog/razones-elegir-staff-augmentation-nivelics,2026-02-28
https://www.nivelics.com/blog/talento-it-a-la-medida-como-elegir-el-it-staffing-adecuado,2026-02-27
https://www.nivelics.com/servicios/desarrollo-de-aplicaciones-android,2026-02-25
https://www.nivelics.com/en/services/agile-implementation-ci-cd,2026-02-25
https://www.nivelics.com/en/services/cloud-platforms-implementation,2026-02-25
https://www.nivelics.com/es/soluciones/seguridad-informatica/,2026-02-25
https://www.nivelics.com/en/blog/super-apps-market-revolution,2026-02-23
https://www.nivelics.com/servicios/desarrollo-de-aplicaciones-web-pwa,2026-02-23
https://www.nivelics.com/en/services/woocommerce-website,2026-02-22
https://www.nivelics.com/en/services/cibersecurity,2026-02-22
https://www.nivelics.com/en/blog/seo-positioning-for-universities-reach-the-top-of-search-engines,2026-02-20
https://www.nivelics.com/servicios/desarrollo-de-aplicaciones-moviles,2026-02-19
https://www.nivelics.com/en/services/seo-consulting,2026-02-18
https://www.nivelics.com/en/services/code-inspection-and-unit-testing,2026-02-14
https://www.nivelics.com/en/services/e-commerce,2026-02-13
https://www.nivelics.com/en/services/a-b-testing,2026-02-13
https://www.nivelics.com/en/services/seo,2026-02-08
https://www.nivelics.com/en/services/hybrid-app-development,2026-02-05
https://www.nivelics.com/servicios/quality-assurance,2026-02-05
https://www.nivelics.com/servicios/diseno-de-producto,2026-02-03
https://www.nivelics.com/servicios/estrategia-seo,2026-02-02
https://www.nivelics.com/servicios/pruebas-de-penetracion,2026-02-02
https://www.nivelics.com/servicios/automatizacion-de-pruebas,2026-01-29
https://www.nivelics.com/servicios/revoluciona-marketing-inteligencia-artificial,2026-01-26
https://www.nivelics.com/en/services/test-automation,2026-01-05
https://www.nivelics.com/en/services/product-design,2025-12-26
https://www.nivelics.com/en/services/web-development,2025-12-26
https://www.nivelics.com/en/services/discovery-and-research,2025-12-22
https://www.nivelics.com/en/services/technological-solutions-development,2025-12-21
https://www.nivelics.com/en/success-stories,2025-12-18